{"train/loss": 0.416, "train/grad_norm": 0.8307429552078247, "train/learning_rate": 0.0, "train/epoch": 2.0, "train/global_step": 250, "_timestamp": 1712930171.8847303, "_runtime": 434.2973473072052, "_step": 250, "train_runtime": 431.3004, "train_samples_per_second": 2.319, "train_steps_per_second": 0.58, "total_flos": 1487798269009920.0, "train_loss": 1.1072755477428435, "_wandb": {"runtime": 436}}