{"eval/loss": 2.502894639968872, "eval/runtime": 431.5728, "eval/samples_per_second": 0.232, "eval/steps_per_second": 0.03, "train/global_step": 0, "_timestamp": 1712932367.9748032, "_runtime": 4.591950178146362, "_step": 0}